clientId,bookingId,uploaded,filename,filepath,uploadedAt,__v
671d08bb309149f8b600cab9,671d0d1317b66e609467e66a,yes,1729957196010.jpg,img_uploads\receipts\1729957196010.jpg,2023-03-08T15:39:56.010706Z,0
671d08bb309149f8b600ca7b,671d0d1317b66e609467e66b,yes,1729957196011.jpg,img_uploads\receipts\1729957196011.jpg,2024-01-04T15:39:56.010799Z,0
671d08bb309149f8b600ca31,671d0d1317b66e609467e66c,yes,1729957196012.jpg,img_uploads\receipts\1729957196012.jpg,2024-04-20T15:39:56.010863Z,0
671d08bb309149f8b600ca1f,671d0d1317b66e609467e66d,yes,1729957196013.jpg,img_uploads\receipts\1729957196013.jpg,2024-06-21T15:39:56.010966Z,0
671d08bb309149f8b600cac3,671d0d1317b66e609467e66e,yes,1729957196015.jpg,img_uploads\receipts\1729957196015.jpg,2024-09-06T15:39:56.011172Z,0
671d08bb309149f8b600cab8,671d0d1317b66e609467e66f,yes,1729957196016.jpg,img_uploads\receipts\1729957196016.jpg,2023-05-19T15:39:56.011253Z,0
671d08bb309149f8b600cac7,671d0d1317b66e609467e670,yes,1729957196017.jpg,img_uploads\receipts\1729957196017.jpg,2023-06-07T15:39:56.011342Z,0
671d08bb309149f8b600ca68,671d0d1317b66e609467e671,yes,1729957196018.jpg,img_uploads\receipts\1729957196018.jpg,2023-03-08T15:39:56.011425Z,0
671d08bb309149f8b600ca6b,671d0d1317b66e609467e672,yes,1729957196019.jpg,img_uploads\receipts\1729957196019.jpg,2023-11-03T15:39:56.011508Z,0
671d08bb309149f8b600ca17,671d0d1317b66e609467e673,yes,1729957196020.jpg,img_uploads\receipts\1729957196020.jpg,2022-11-02T15:39:56.011592Z,0
671d08bb309149f8b600ca8d,671d0d1317b66e609467e674,yes,1729957196021.jpg,img_uploads\receipts\1729957196021.jpg,2024-03-20T15:39:56.011658Z,0
671d08bb309149f8b600cabf,671d0d1317b66e609467e675,yes,1729957196022.jpg,img_uploads\receipts\1729957196022.jpg,2022-12-30T15:39:56.011712Z,0
671d08bb309149f8b600cab1,671d0d1317b66e609467e676,yes,1729957196023.jpg,img_uploads\receipts\1729957196023.jpg,2023-10-06T15:39:56.011765Z,0
671d08bb309149f8b600ca4d,671d0d1317b66e609467e677,yes,1729957196024.jpg,img_uploads\receipts\1729957196024.jpg,2022-11-21T15:39:56.011819Z,0
671d08bb309149f8b600ca75,671d0d1317b66e609467e678,yes,1729957196025.jpg,img_uploads\receipts\1729957196025.jpg,2024-07-24T15:39:56.011872Z,0
671d08bb309149f8b600ca9e,671d0d1317b66e609467e679,yes,1729957196026.jpg,img_uploads\receipts\1729957196026.jpg,2023-09-03T15:39:56.011924Z,0
671d08bb309149f8b600cab3,671d0d1317b66e609467e67a,yes,1729957196027.jpg,img_uploads\receipts\1729957196027.jpg,2023-01-24T15:39:56.011982Z,0
671d08bb309149f8b600ca9e,671d0d1317b66e609467e67b,yes,1729957196029.jpg,img_uploads\receipts\1729957196029.jpg,2023-04-29T15:39:56.012057Z,0
671d08bb309149f8b600ca4f,671d0d1317b66e609467e67c,yes,1729957196030.jpg,img_uploads\receipts\1729957196030.jpg,2023-10-29T15:39:56.012113Z,0
671d08bb309149f8b600cab8,671d0d1317b66e609467e67d,yes,1729957196031.jpg,img_uploads\receipts\1729957196031.jpg,2023-03-28T15:39:56.012183Z,0
671d08bb309149f8b600ca07,671d0d1317b66e609467e67e,yes,1729957196032.jpg,img_uploads\receipts\1729957196032.jpg,2023-04-22T15:39:56.012256Z,0
671d08bb309149f8b600ca62,671d0d1317b66e609467e67f,yes,1729957196033.jpg,img_uploads\receipts\1729957196033.jpg,2023-11-16T15:39:56.012318Z,0
671d08bb309149f8b600ca48,671d0d1317b66e609467e680,yes,1729957196034.jpg,img_uploads\receipts\1729957196034.jpg,2023-12-13T15:39:56.012415Z,0
671d08bb309149f8b600ca08,671d0d1317b66e609467e681,yes,1729957196035.jpg,img_uploads\receipts\1729957196035.jpg,2024-06-24T15:39:56.012497Z,0
671923c81a5fca27175f3072,671d0d1317b66e609467e682,yes,1729957196036.jpg,img_uploads\receipts\1729957196036.jpg,2023-02-09T15:39:56.012558Z,0
671d08bb309149f8b600ca3a,671d0d1317b66e609467e683,yes,1729957196037.jpg,img_uploads\receipts\1729957196037.jpg,2024-03-29T15:39:56.012611Z,0
671d08bb309149f8b600ca14,671d0d1317b66e609467e684,yes,1729957196038.jpg,img_uploads\receipts\1729957196038.jpg,2023-04-04T15:39:56.012685Z,0
671d08bb309149f8b600cac8,671d0d1317b66e609467e685,yes,1729957196039.jpg,img_uploads\receipts\1729957196039.jpg,2023-02-04T15:39:56.012754Z,0
671d08bb309149f8b600ca25,671d0d1317b66e609467e686,yes,1729957196040.jpg,img_uploads\receipts\1729957196040.jpg,2023-03-21T15:39:56.012821Z,0
671d08bb309149f8b600ca98,671d0d1317b66e609467e687,yes,1729957196041.jpg,img_uploads\receipts\1729957196041.jpg,2023-04-24T15:39:56.012893Z,0
671d08bb309149f8b600ca40,671d0d1317b66e609467e688,yes,1729957196042.jpg,img_uploads\receipts\1729957196042.jpg,2022-12-01T15:39:56.012953Z,0
671d08bb309149f8b600ca71,671d0d1317b66e609467e689,yes,1729957196044.jpg,img_uploads\receipts\1729957196044.jpg,2023-07-29T15:39:56.013006Z,0
671d08bb309149f8b600caa8,671d0d1317b66e609467e68a,yes,1729957196045.jpg,img_uploads\receipts\1729957196045.jpg,2024-06-19T15:39:56.013065Z,0
671d08bb309149f8b600ca32,671d0d1317b66e609467e68b,yes,1729957196046.jpg,img_uploads\receipts\1729957196046.jpg,2023-03-21T15:39:56.013139Z,0
671d08bb309149f8b600ca59,671d0d1317b66e609467e68c,yes,1729957196047.jpg,img_uploads\receipts\1729957196047.jpg,2022-12-07T15:39:56.013194Z,0
671d08bb309149f8b600cabe,671d0d1317b66e609467e68d,yes,1729957196048.jpg,img_uploads\receipts\1729957196048.jpg,2022-11-15T15:39:56.013274Z,0
671d08bb309149f8b600caa3,671d0d1317b66e609467e68e,yes,1729957196049.jpg,img_uploads\receipts\1729957196049.jpg,2022-10-31T15:39:56.013343Z,0
671d08bb309149f8b600cabc,671d0d1317b66e609467e68f,yes,1729957196050.jpg,img_uploads\receipts\1729957196050.jpg,2022-12-02T15:39:56.013402Z,0
671d08bb309149f8b600ca2c,671d0d1317b66e609467e690,yes,1729957196051.jpg,img_uploads\receipts\1729957196051.jpg,2023-03-24T15:39:56.013492Z,0
671d08bb309149f8b600ca8b,671d0d1317b66e609467e691,yes,1729957196052.jpg,img_uploads\receipts\1729957196052.jpg,2024-05-26T15:39:56.013581Z,0
671d08bb309149f8b600ca46,671d0d1317b66e609467e692,yes,1729957196053.jpg,img_uploads\receipts\1729957196053.jpg,2024-01-19T15:39:56.013640Z,0
671d08bb309149f8b600ca36,671d0d1317b66e609467e693,yes,1729957196054.jpg,img_uploads\receipts\1729957196054.jpg,2024-01-29T15:39:56.013691Z,0
671d08bb309149f8b600cac7,671d0d1317b66e609467e694,yes,1729957196055.jpg,img_uploads\receipts\1729957196055.jpg,2024-08-17T15:39:56.013761Z,0
671d08bb309149f8b600ca63,671d0d1317b66e609467e695,yes,1729957196056.jpg,img_uploads\receipts\1729957196056.jpg,2024-01-24T15:39:56.013821Z,0
671d08bb309149f8b600ca8b,671d0d1317b66e609467e696,yes,1729957196057.jpg,img_uploads\receipts\1729957196057.jpg,2023-03-28T15:39:56.013870Z,0
671d08bb309149f8b600ca9a,671d0d1317b66e609467e697,yes,1729957196058.jpg,img_uploads\receipts\1729957196058.jpg,2022-12-06T15:39:56.013919Z,0
671d08bb309149f8b600caad,671d0d1317b66e609467e698,yes,1729957196059.jpg,img_uploads\receipts\1729957196059.jpg,2023-09-08T15:39:56.013968Z,0
671d08bb309149f8b600ca09,671d0d1317b66e609467e699,yes,1729957196061.jpg,img_uploads\receipts\1729957196061.jpg,2023-09-14T15:39:56.014017Z,0
671d08bb309149f8b600ca46,671d0d1317b66e609467e69a,yes,1729957196062.jpg,img_uploads\receipts\1729957196062.jpg,2022-11-15T15:39:56.014067Z,0
671d08bb309149f8b600ca9b,671d0d1317b66e609467e69b,yes,1729957196063.jpg,img_uploads\receipts\1729957196063.jpg,2023-06-16T15:39:56.014115Z,0
671d08bb309149f8b600ca2b,671d0d1317b66e609467e69c,yes,1729957196064.jpg,img_uploads\receipts\1729957196064.jpg,2024-09-06T15:39:56.014185Z,0
671d08bb309149f8b600ca8a,671d0d1317b66e609467e69d,yes,1729957196065.jpg,img_uploads\receipts\1729957196065.jpg,2022-12-16T15:39:56.014242Z,0
671d08bb309149f8b600caa5,671d0d1317b66e609467e69e,yes,1729957196066.jpg,img_uploads\receipts\1729957196066.jpg,2024-06-09T15:39:56.014306Z,0
671d08bb309149f8b600ca41,671d0d1317b66e609467e69f,yes,1729957196067.jpg,img_uploads\receipts\1729957196067.jpg,2023-09-03T15:39:56.014383Z,0
671d08bb309149f8b600caa3,671d0d1317b66e609467e6a0,yes,1729957196068.jpg,img_uploads\receipts\1729957196068.jpg,2023-07-26T15:39:56.014440Z,0
671d08bb309149f8b600ca4f,671d0d1317b66e609467e6a1,yes,1729957196069.jpg,img_uploads\receipts\1729957196069.jpg,2024-07-27T15:39:56.014507Z,0
671d08bb309149f8b600ca3f,671d0d1317b66e609467e6a2,yes,1729957196070.jpg,img_uploads\receipts\1729957196070.jpg,2023-03-12T15:39:56.014567Z,0
671d08bb309149f8b600ca61,671d0d1317b66e609467e6a3,yes,1729957196071.jpg,img_uploads\receipts\1729957196071.jpg,2023-10-26T15:39:56.014632Z,0
671d08bb309149f8b600ca75,671d0d1317b66e609467e6a4,yes,1729957196072.jpg,img_uploads\receipts\1729957196072.jpg,2023-01-18T15:39:56.014694Z,0
671d08bb309149f8b600ca2e,671d0d1317b66e609467e6a5,yes,1729957196073.jpg,img_uploads\receipts\1729957196073.jpg,2023-03-06T15:39:56.014743Z,0
671d08bb309149f8b600ca35,671d0d1317b66e609467e6a6,yes,1729957196074.jpg,img_uploads\receipts\1729957196074.jpg,2024-03-13T15:39:56.014794Z,0
671d08bb309149f8b600ca76,671d0d1317b66e609467e6a7,yes,1729957196075.jpg,img_uploads\receipts\1729957196075.jpg,2024-05-02T15:39:56.014866Z,0
671d08bb309149f8b600ca92,671d0d1317b66e609467e6a8,yes,1729957196076.jpg,img_uploads\receipts\1729957196076.jpg,2024-10-10T15:39:56.014920Z,0
671d08bb309149f8b600ca63,671d0d1317b66e609467e6a9,yes,1729957196077.jpg,img_uploads\receipts\1729957196077.jpg,2024-09-13T15:39:56.014969Z,0
671d08bb309149f8b600cab4,671d0d1317b66e609467e6aa,yes,1729957196079.jpg,img_uploads\receipts\1729957196079.jpg,2023-12-02T15:39:56.015095Z,0
671d08bb309149f8b600cac7,671d0d1317b66e609467e6ab,yes,1729957196080.jpg,img_uploads\receipts\1729957196080.jpg,2022-12-16T15:39:56.015150Z,0
671d08bb309149f8b600caa3,671d0d1317b66e609467e6ac,yes,1729957196081.jpg,img_uploads\receipts\1729957196081.jpg,2023-11-08T15:39:56.015200Z,0
671d08bb309149f8b600ca17,671d0d1317b66e609467e6ad,yes,1729957196082.jpg,img_uploads\receipts\1729957196082.jpg,2024-08-28T15:39:56.015270Z,0
671d08bb309149f8b600ca85,671d0d1317b66e609467e6ae,yes,1729957196083.jpg,img_uploads\receipts\1729957196083.jpg,2023-04-30T15:39:56.015327Z,0
671d08bb309149f8b600ca1d,671d0d1317b66e609467e6af,yes,1729957196084.jpg,img_uploads\receipts\1729957196084.jpg,2023-06-21T15:39:56.015395Z,0
671208f0f663eac5d4929818,671d0d1317b66e609467e6b0,yes,1729957196085.jpg,img_uploads\receipts\1729957196085.jpg,2023-05-04T15:39:56.015473Z,0
671d08bb309149f8b600ca68,671d0d1317b66e609467e6b1,yes,1729957196086.jpg,img_uploads\receipts\1729957196086.jpg,2024-06-05T15:39:56.015527Z,0
671d08bb309149f8b600ca0d,671d0d1317b66e609467e6b2,yes,1729957196087.jpg,img_uploads\receipts\1729957196087.jpg,2023-09-12T15:39:56.015597Z,0
671d08bb309149f8b600ca7b,671d0d1317b66e609467e6b3,yes,1729957196088.jpg,img_uploads\receipts\1729957196088.jpg,2024-02-24T15:39:56.015653Z,0
671d08bb309149f8b600cabf,671d0d1317b66e609467e6b4,yes,1729957196089.jpg,img_uploads\receipts\1729957196089.jpg,2023-03-17T15:39:56.015721Z,0
671d08bb309149f8b600ca3d,671d0d1317b66e609467e6b5,yes,1729957196090.jpg,img_uploads\receipts\1729957196090.jpg,2023-03-07T15:39:56.015795Z,0
671d08bb309149f8b600ca38,671d0d1317b66e609467e6b6,yes,1729957196091.jpg,img_uploads\receipts\1729957196091.jpg,2024-10-07T15:39:56.015853Z,0
671d08bb309149f8b600ca60,671d0d1317b66e609467e6b7,yes,1729957196092.jpg,img_uploads\receipts\1729957196092.jpg,2023-08-10T15:39:56.015920Z,0
671d08bb309149f8b600ca77,671d0d1317b66e609467e6b8,yes,1729957196093.jpg,img_uploads\receipts\1729957196093.jpg,2023-06-30T15:39:56.015971Z,0
671d08bb309149f8b600ca82,671d0d1317b66e609467e6b9,yes,1729957196095.jpg,img_uploads\receipts\1729957196095.jpg,2023-09-28T15:39:56.016020Z,0
671d08bb309149f8b600ca37,671d0d1317b66e609467e6ba,yes,1729957196096.jpg,img_uploads\receipts\1729957196096.jpg,2023-05-23T15:39:56.016089Z,0
671d08bb309149f8b600cacb,671d0d1317b66e609467e6bb,yes,1729957196097.jpg,img_uploads\receipts\1729957196097.jpg,2023-08-27T15:39:56.016137Z,0
671d08bb309149f8b600ca5b,671d0d1317b66e609467e6bc,yes,1729957196098.jpg,img_uploads\receipts\1729957196098.jpg,2024-08-05T15:39:56.016184Z,0
671d08bb309149f8b600cacb,671d0d1317b66e609467e6bd,yes,1729957196099.jpg,img_uploads\receipts\1729957196099.jpg,2023-09-01T15:39:56.016231Z,0
671d08bb309149f8b600ca43,671d0d1317b66e609467e6be,yes,1729957196100.jpg,img_uploads\receipts\1729957196100.jpg,2024-06-09T15:39:56.016285Z,0
671d08bb309149f8b600ca6d,671d0d1317b66e609467e6bf,yes,1729957196101.jpg,img_uploads\receipts\1729957196101.jpg,2024-03-17T15:39:56.016367Z,0
671d08bb309149f8b600ca21,671d0d1317b66e609467e6c0,yes,1729957196102.jpg,img_uploads\receipts\1729957196102.jpg,2023-10-03T15:39:56.016464Z,0
671d08bb309149f8b600ca7f,671d0d1317b66e609467e6c1,yes,1729957196103.jpg,img_uploads\receipts\1729957196103.jpg,2024-07-05T15:39:56.016545Z,0
671d08bb309149f8b600caa9,671d0d1317b66e609467e6c2,yes,1729957196104.jpg,img_uploads\receipts\1729957196104.jpg,2024-04-06T15:39:56.016599Z,0
671208f0f663eac5d4929818,671d0d1317b66e609467e6c3,yes,1729957196105.jpg,img_uploads\receipts\1729957196105.jpg,2022-12-09T15:39:56.016667Z,0
671d08bb309149f8b600ca1a,671d0d1317b66e609467e6c4,yes,1729957196106.jpg,img_uploads\receipts\1729957196106.jpg,2024-05-15T15:39:56.016727Z,0
671d08bb309149f8b600ca45,671d0d1317b66e609467e6c5,yes,1729957196107.jpg,img_uploads\receipts\1729957196107.jpg,2024-08-26T15:39:56.016792Z,0
671d08bb309149f8b600ca70,671d0d1317b66e609467e6c6,yes,1729957196108.jpg,img_uploads\receipts\1729957196108.jpg,2024-03-31T15:39:56.016854Z,0
671d08bb309149f8b600cacb,671d0d1317b66e609467e6c7,yes,1729957196109.jpg,img_uploads\receipts\1729957196109.jpg,2024-05-04T15:39:56.016922Z,0
671d08bb309149f8b600ca89,671d0d1317b66e609467e6c8,yes,1729957196110.jpg,img_uploads\receipts\1729957196110.jpg,2023-11-24T15:39:56.016978Z,0
671d08bb309149f8b600ca1f,671d0d1317b66e609467e6c9,yes,1729957196112.jpg,img_uploads\receipts\1729957196112.jpg,2024-02-01T15:39:56.017026Z,0
671d08bb309149f8b600ca2f,671d0d1317b66e609467e6ca,yes,1729957196113.jpg,img_uploads\receipts\1729957196113.jpg,2024-06-05T15:39:56.017073Z,0
671d08bb309149f8b600ca31,671d0d1317b66e609467e6cb,yes,1729957196114.jpg,img_uploads\receipts\1729957196114.jpg,2024-02-08T15:39:56.017121Z,0
671d08bb309149f8b600caa2,671d0d1317b66e609467e6cc,yes,1729957196115.jpg,img_uploads\receipts\1729957196115.jpg,2022-11-17T15:39:56.017169Z,0
671d08bb309149f8b600ca15,671d0d1317b66e609467e6cd,yes,1729957196116.jpg,img_uploads\receipts\1729957196116.jpg,2023-03-26T15:39:56.017215Z,0
671d08bb309149f8b600cac5,671d0d1317b66e609467e6ce,yes,1729957196117.jpg,img_uploads\receipts\1729957196117.jpg,2023-01-11T15:39:56.017262Z,0
671d08bb309149f8b600ca15,671d0d1317b66e609467e6cf,yes,1729957196118.jpg,img_uploads\receipts\1729957196118.jpg,2022-11-13T15:39:56.017309Z,0
671d08bb309149f8b600ca25,671d0d1317b66e609467e6d0,yes,1729957196119.jpg,img_uploads\receipts\1729957196119.jpg,2023-09-09T15:39:56.017355Z,0
671d08bb309149f8b600ca6c,671d0d1317b66e609467e6d1,yes,1729957196120.jpg,img_uploads\receipts\1729957196120.jpg,2024-02-27T15:39:56.017421Z,0
671d08bb309149f8b600ca73,671d0d1317b66e609467e6d2,yes,1729957196121.jpg,img_uploads\receipts\1729957196121.jpg,2024-05-27T15:39:56.017491Z,0
671d08bb309149f8b600cab3,671d0d1317b66e609467e6d3,yes,1729957196122.jpg,img_uploads\receipts\1729957196122.jpg,2023-10-12T15:39:56.017559Z,0
671d08bb309149f8b600caa9,671d0d1317b66e609467e6d4,yes,1729957196123.jpg,img_uploads\receipts\1729957196123.jpg,2023-06-10T15:39:56.017634Z,0
671d08bb309149f8b600ca3f,671d0d1317b66e609467e6d5,yes,1729957196124.jpg,img_uploads\receipts\1729957196124.jpg,2024-08-02T15:39:56.017688Z,0
671d08bb309149f8b600caca,671d0d1317b66e609467e6d6,yes,1729957196125.jpg,img_uploads\receipts\1729957196125.jpg,2023-01-03T15:39:56.017757Z,0
671d08bb309149f8b600ca12,671d0d1317b66e609467e6d7,yes,1729957196126.jpg,img_uploads\receipts\1729957196126.jpg,2024-06-07T15:39:56.017834Z,0
671d08bb309149f8b600ca07,671d0d1317b66e609467e6d8,yes,1729957196128.jpg,img_uploads\receipts\1729957196128.jpg,2023-11-30T15:39:56.018045Z,0
671d08bb309149f8b600ca6e,671d0d1317b66e609467e6d9,yes,1729957196129.jpg,img_uploads\receipts\1729957196129.jpg,2024-09-13T15:39:56.018116Z,0
671d08bb309149f8b600ca2a,671d0d1317b66e609467e6da,yes,1729957196130.jpg,img_uploads\receipts\1729957196130.jpg,2022-11-12T15:39:56.018171Z,0
671d08bb309149f8b600ca5e,671d0d1317b66e609467e6db,yes,1729957196131.jpg,img_uploads\receipts\1729957196131.jpg,2024-01-30T15:39:56.018220Z,0
671d08bb309149f8b600ca5c,671d0d1317b66e609467e6dc,yes,1729957196132.jpg,img_uploads\receipts\1729957196132.jpg,2023-06-08T15:39:56.018269Z,0
671d08bb309149f8b600ca81,671d0d1317b66e609467e6dd,yes,1729957196133.jpg,img_uploads\receipts\1729957196133.jpg,2023-08-31T15:39:56.018318Z,0
671d08bb309149f8b600ca44,671d0d1317b66e609467e6de,yes,1729957196134.jpg,img_uploads\receipts\1729957196134.jpg,2023-11-05T15:39:56.018366Z,0
671d08bb309149f8b600ca2e,671d0d1317b66e609467e6df,yes,1729957196135.jpg,img_uploads\receipts\1729957196135.jpg,2022-12-03T15:39:56.018415Z,0
671d08bb309149f8b600ca21,671d0d1317b66e609467e6e0,yes,1729957196136.jpg,img_uploads\receipts\1729957196136.jpg,2023-12-18T15:39:56.018504Z,0
671d08bb309149f8b600ca84,671d0d1317b66e609467e6e1,yes,1729957196137.jpg,img_uploads\receipts\1729957196137.jpg,2023-12-26T15:39:56.018582Z,0
671d08bb309149f8b600ca0f,671d0d1317b66e609467e6e2,yes,1729957196138.jpg,img_uploads\receipts\1729957196138.jpg,2024-03-23T15:39:56.018760Z,0
671d08bb309149f8b600ca38,671d0d1317b66e609467e6e3,yes,1729957196139.jpg,img_uploads\receipts\1729957196139.jpg,2023-09-02T15:39:56.018844Z,0
671d08bb309149f8b600caa5,671d0d1317b66e609467e6e4,yes,1729957196140.jpg,img_uploads\receipts\1729957196140.jpg,2023-10-26T15:39:56.018964Z,0
671d08bb309149f8b600cacd,671d0d1317b66e609467e6e5,yes,1729957196142.jpg,img_uploads\receipts\1729957196142.jpg,2024-01-20T15:39:56.019114Z,0
671d08bb309149f8b600ca73,671d0d1317b66e609467e6e6,yes,1729957196143.jpg,img_uploads\receipts\1729957196143.jpg,2023-01-14T15:39:56.019173Z,0
671d08bb309149f8b600ca21,671d0d1317b66e609467e6e7,yes,1729957196144.jpg,img_uploads\receipts\1729957196144.jpg,2024-09-15T15:39:56.019225Z,0
671d08bb309149f8b600ca93,671d0d1317b66e609467e6e8,yes,1729957196145.jpg,img_uploads\receipts\1729957196145.jpg,2024-09-30T15:39:56.019274Z,0
671d08bb309149f8b600ca2b,671d0d1317b66e609467e6e9,yes,1729957196146.jpg,img_uploads\receipts\1729957196146.jpg,2023-09-26T15:39:56.019321Z,0
671d08bb309149f8b600ca8e,671d0d1317b66e609467e6ea,yes,1729957196147.jpg,img_uploads\receipts\1729957196147.jpg,2024-09-10T15:39:56.019371Z,0
671d08bb309149f8b600ca0b,671d0d1317b66e609467e6eb,yes,1729957196148.jpg,img_uploads\receipts\1729957196148.jpg,2023-03-07T15:39:56.019422Z,0
671d08bb309149f8b600ca74,671d0d1317b66e609467e6ec,yes,1729957196149.jpg,img_uploads\receipts\1729957196149.jpg,2024-04-10T15:39:56.019489Z,0
671d08bb309149f8b600ca16,671d0d1317b66e609467e6ed,yes,1729957196150.jpg,img_uploads\receipts\1729957196150.jpg,2023-10-09T15:39:56.019543Z,0
671d08bb309149f8b600ca3b,671d0d1317b66e609467e6ee,yes,1729957196151.jpg,img_uploads\receipts\1729957196151.jpg,2024-04-07T15:39:56.019628Z,0
671d08bb309149f8b600ca51,671d0d1317b66e609467e6ef,yes,1729957196152.jpg,img_uploads\receipts\1729957196152.jpg,2023-03-22T15:39:56.019701Z,0
671d08bb309149f8b600ca8d,671d0d1317b66e609467e6f0,yes,1729957196153.jpg,img_uploads\receipts\1729957196153.jpg,2023-03-07T15:39:56.019774Z,0
671d08bb309149f8b600cab4,671d0d1317b66e609467e6f1,yes,1729957196154.jpg,img_uploads\receipts\1729957196154.jpg,2022-12-02T15:39:56.019833Z,0
671d08bb309149f8b600ca8c,671d0d1317b66e609467e6f2,yes,1729957196155.jpg,img_uploads\receipts\1729957196155.jpg,2024-07-03T15:39:56.019889Z,0
671d08bb309149f8b600ca5b,671d0d1317b66e609467e6f3,yes,1729957196156.jpg,img_uploads\receipts\1729957196156.jpg,2023-12-31T15:39:56.019970Z,0
671d08bb309149f8b600cacc,671d0d1317b66e609467e6f4,yes,1729957196158.jpg,img_uploads\receipts\1729957196158.jpg,2023-11-30T15:39:56.020064Z,0
671d08bb309149f8b600ca6a,671d0d1317b66e609467e6f5,yes,1729957196159.jpg,img_uploads\receipts\1729957196159.jpg,2023-09-12T15:39:56.020272Z,0
671d08bb309149f8b600ca4e,671d0d1317b66e609467e6f6,yes,1729957196160.jpg,img_uploads\receipts\1729957196160.jpg,2024-07-14T15:39:56.020336Z,0
671d08bb309149f8b600ca95,671d0d1317b66e609467e6f7,yes,1729957196161.jpg,img_uploads\receipts\1729957196161.jpg,2024-07-28T15:39:56.020387Z,0
671d08bb309149f8b600ca9c,671d0d1317b66e609467e6f8,yes,1729957196162.jpg,img_uploads\receipts\1729957196162.jpg,2022-12-14T15:39:56.020435Z,0
671d08bb309149f8b600ca4e,671d0d1317b66e609467e6f9,yes,1729957196163.jpg,img_uploads\receipts\1729957196163.jpg,2024-03-03T15:39:56.020482Z,0
671d08bb309149f8b600cacb,671d0d1317b66e609467e6fa,yes,1729957196164.jpg,img_uploads\receipts\1729957196164.jpg,2024-09-14T15:39:56.020543Z,0
671d08bb309149f8b600ca27,671d0d1317b66e609467e6fb,yes,1729957196165.jpg,img_uploads\receipts\1729957196165.jpg,2024-07-21T15:39:56.020601Z,0
671d08bb309149f8b600cab8,671d0d1317b66e609467e6fc,yes,1729957196166.jpg,img_uploads\receipts\1729957196166.jpg,2023-01-14T15:39:56.020672Z,0
671d08bb309149f8b600ca92,671d0d1317b66e609467e6fd,yes,1729957196167.jpg,img_uploads\receipts\1729957196167.jpg,2022-11-04T15:39:56.020747Z,0
671d08bb309149f8b600ca1f,671d0d1317b66e609467e6fe,yes,1729957196168.jpg,img_uploads\receipts\1729957196168.jpg,2023-08-10T15:39:56.020802Z,0
671d08bb309149f8b600ca6d,671d0d1317b66e609467e6ff,yes,1729957196169.jpg,img_uploads\receipts\1729957196169.jpg,2024-02-22T15:39:56.020876Z,0
671d08bb309149f8b600cabb,671d0d1317b66e609467e700,yes,1729957196170.jpg,img_uploads\receipts\1729957196170.jpg,2023-10-02T15:39:56.020929Z,0
671d08bb309149f8b600ca60,671d0d1317b66e609467e701,yes,1729957196171.jpg,img_uploads\receipts\1729957196171.jpg,2022-11-15T15:39:56.020978Z,0
671d08bb309149f8b600cabf,671d0d1317b66e609467e702,yes,1729957196173.jpg,img_uploads\receipts\1729957196173.jpg,2024-06-23T15:39:56.021047Z,0
671d08bb309149f8b600cab5,671d0d1317b66e609467e703,yes,1729957196174.jpg,img_uploads\receipts\1729957196174.jpg,2022-11-22T15:39:56.021102Z,0
671d08bb309149f8b600ca79,671d0d1317b66e609467e704,yes,1729957196175.jpg,img_uploads\receipts\1729957196175.jpg,2024-01-08T15:39:56.021152Z,0
671d08bb309149f8b600ca95,671d0d1317b66e609467e705,yes,1729957196176.jpg,img_uploads\receipts\1729957196176.jpg,2023-07-11T15:39:56.021201Z,0
671d08bb309149f8b600cab4,671d0d1317b66e609467e706,yes,1729957196177.jpg,img_uploads\receipts\1729957196177.jpg,2024-08-15T15:39:56.021269Z,0
671d08bb309149f8b600cac6,671d0d1317b66e609467e707,yes,1729957196178.jpg,img_uploads\receipts\1729957196178.jpg,2024-03-15T15:39:56.021326Z,0
671d08bb309149f8b600ca44,671d0d1317b66e609467e708,yes,1729957196179.jpg,img_uploads\receipts\1729957196179.jpg,2023-01-19T15:39:56.021376Z,0
671d08bb309149f8b600cab1,671d0d1317b66e609467e709,yes,1729957196180.jpg,img_uploads\receipts\1729957196180.jpg,2023-11-26T15:39:56.021424Z,0
671d08bb309149f8b600cac4,671d0d1317b66e609467e70a,yes,1729957196181.jpg,img_uploads\receipts\1729957196181.jpg,2024-10-03T15:39:56.021471Z,0
671d08bb309149f8b600ca78,671d0d1317b66e609467e70b,yes,1729957196182.jpg,img_uploads\receipts\1729957196182.jpg,2024-06-09T15:39:56.021519Z,0
671d08bb309149f8b600ca67,671d0d1317b66e609467e70c,yes,1729957196183.jpg,img_uploads\receipts\1729957196183.jpg,2023-07-18T15:39:56.021569Z,0
671d08bb309149f8b600cabc,671d0d1317b66e609467e70d,yes,1729957196184.jpg,img_uploads\receipts\1729957196184.jpg,2024-01-24T15:39:56.021631Z,0
671d08bb309149f8b600cab4,671d0d1317b66e609467e70e,yes,1729957196185.jpg,img_uploads\receipts\1729957196185.jpg,2024-04-03T15:39:56.021681Z,0
671d08bb309149f8b600ca6b,671d0d1317b66e609467e70f,yes,1729957196186.jpg,img_uploads\receipts\1729957196186.jpg,2023-08-09T15:39:56.021746Z,0
671d08bb309149f8b600ca80,671d0d1317b66e609467e710,yes,1729957196187.jpg,img_uploads\receipts\1729957196187.jpg,2023-11-05T15:39:56.021809Z,0
671d08bb309149f8b600cabd,671d0d1317b66e609467e711,yes,1729957196188.jpg,img_uploads\receipts\1729957196188.jpg,2024-02-17T15:39:56.021856Z,0
671d08bb309149f8b600ca2b,671d0d1317b66e609467e712,yes,1729957196189.jpg,img_uploads\receipts\1729957196189.jpg,2024-01-15T15:39:56.021922Z,0
671d08bb309149f8b600caa5,671d0d1317b66e609467e713,yes,1729957196190.jpg,img_uploads\receipts\1729957196190.jpg,2023-10-09T15:39:56.021978Z,0
671d08bb309149f8b600ca5d,671d0d1317b66e609467e714,yes,1729957196192.jpg,img_uploads\receipts\1729957196192.jpg,2023-07-28T15:39:56.022027Z,0
671d08bb309149f8b600ca1a,671d0d1317b66e609467e715,yes,1729957196193.jpg,img_uploads\receipts\1729957196193.jpg,2022-11-01T15:39:56.022094Z,0
671d08bb309149f8b600ca1e,671d0d1317b66e609467e716,yes,1729957196194.jpg,img_uploads\receipts\1729957196194.jpg,2022-11-17T15:39:56.022164Z,0
671d08bb309149f8b600cacd,671d0d1317b66e609467e717,yes,1729957196195.jpg,img_uploads\receipts\1729957196195.jpg,2023-05-18T15:39:56.022214Z,0
671d08bb309149f8b600ca9a,671d0d1317b66e609467e718,yes,1729957196196.jpg,img_uploads\receipts\1729957196196.jpg,2023-09-23T15:39:56.022285Z,0
671d08bb309149f8b600ca31,671d0d1317b66e609467e719,yes,1729957196197.jpg,img_uploads\receipts\1729957196197.jpg,2023-03-28T15:39:56.022358Z,0
671208f0f663eac5d4929818,671d0d1317b66e609467e71a,yes,1729957196198.jpg,img_uploads\receipts\1729957196198.jpg,2023-05-07T15:39:56.022411Z,0
671d08bb309149f8b600ca16,671d0d1317b66e609467e71b,yes,1729957196199.jpg,img_uploads\receipts\1729957196199.jpg,2024-07-18T15:39:56.022458Z,0
671d08bb309149f8b600ca3a,671d0d1317b66e609467e71c,yes,1729957196200.jpg,img_uploads\receipts\1729957196200.jpg,2023-05-22T15:39:56.022504Z,0
671d08bb309149f8b600ca2e,671d0d1317b66e609467e71d,yes,1729957196201.jpg,img_uploads\receipts\1729957196201.jpg,2023-12-21T15:39:56.022550Z,0
671d08bb309149f8b600ca0d,671d0d1317b66e609467e71e,yes,1729957196202.jpg,img_uploads\receipts\1729957196202.jpg,2024-06-27T15:39:56.022608Z,0
671d08bb309149f8b600ca90,671d0d1317b66e609467e71f,yes,1729957196203.jpg,img_uploads\receipts\1729957196203.jpg,2022-12-07T15:39:56.022661Z,0
671d08bb309149f8b600ca3e,671d0d1317b66e609467e720,yes,1729957196204.jpg,img_uploads\receipts\1729957196204.jpg,2023-09-26T15:39:56.022709Z,0
671d08bb309149f8b600ca77,671d0d1317b66e609467e721,yes,1729957196205.jpg,img_uploads\receipts\1729957196205.jpg,2023-10-29T15:39:56.022755Z,0
671d08bb309149f8b600ca94,671d0d1317b66e609467e722,yes,1729957196206.jpg,img_uploads\receipts\1729957196206.jpg,2024-05-08T15:39:56.022806Z,0
671d08bb309149f8b600ca5f,671d0d1317b66e609467e723,yes,1729957196207.jpg,img_uploads\receipts\1729957196207.jpg,2023-10-03T15:39:56.022880Z,0
671d08bb309149f8b600ca44,671d0d1317b66e609467e724,yes,1729957196208.jpg,img_uploads\receipts\1729957196208.jpg,2024-08-10T15:39:56.022959Z,0
671d08bb309149f8b600ca77,671d0d1317b66e609467e725,yes,1729957196210.jpg,img_uploads\receipts\1729957196210.jpg,2023-12-23T15:39:56.023081Z,0
671d08bb309149f8b600ca58,671d0d1317b66e609467e726,yes,1729957196211.jpg,img_uploads\receipts\1729957196211.jpg,2023-08-11T15:39:56.023134Z,0
671d08bb309149f8b600ca70,671d0d1317b66e609467e727,yes,1729957196212.jpg,img_uploads\receipts\1729957196212.jpg,2023-04-03T15:39:56.023199Z,0
671d08bb309149f8b600ca16,671d0d1317b66e609467e728,yes,1729957196213.jpg,img_uploads\receipts\1729957196213.jpg,2023-02-06T15:39:56.023257Z,0
671d08bb309149f8b600ca75,671d0d1317b66e609467e729,yes,1729957196214.jpg,img_uploads\receipts\1729957196214.jpg,2024-03-08T15:39:56.023305Z,0
671d08bb309149f8b600ca9c,671d0d1317b66e609467e72a,yes,1729957196215.jpg,img_uploads\receipts\1729957196215.jpg,2024-10-01T15:39:56.023373Z,0
671d08bb309149f8b600ca7b,671d0d1317b66e609467e72b,yes,1729957196216.jpg,img_uploads\receipts\1729957196216.jpg,2023-02-16T15:39:56.023447Z,0
671d08bb309149f8b600caac,671d0d1317b66e609467e72c,yes,1729957196217.jpg,img_uploads\receipts\1729957196217.jpg,2022-12-23T15:39:56.023498Z,0
671d08bb309149f8b600ca69,671d0d1317b66e609467e72d,yes,1729957196218.jpg,img_uploads\receipts\1729957196218.jpg,2023-12-15T15:39:56.023545Z,0
671d08bb309149f8b600cacb,671d0d1317b66e609467e72e,yes,1729957196219.jpg,img_uploads\receipts\1729957196219.jpg,2022-11-23T15:39:56.023592Z,0
671d08bb309149f8b600ca0b,671d0d1317b66e609467e72f,yes,1729957196220.jpg,img_uploads\receipts\1729957196220.jpg,2023-09-18T15:39:56.023638Z,0
671d08bb309149f8b600ca85,671d0d1317b66e609467e730,yes,1729957196221.jpg,img_uploads\receipts\1729957196221.jpg,2023-01-23T15:39:56.023699Z,0
671d08bb309149f8b600ca92,671d0d1317b66e609467e731,yes,1729957196222.jpg,img_uploads\receipts\1729957196222.jpg,2023-03-24T15:39:56.023749Z,0
